T,dof,alternative,p-val,CI95%,cohen-d,BF10,power
10.840645041817657,15,two-sided,1.7104941757042854e-08,[ 8.36 12.46],2.7101612604544143,7.229e+05,0.9999999999999997
