T,dof,alternative,p-val,CI95%,cohen-d,BF10,power
6.451788554357532,14,two-sided,1.5181521009727053e-05,[1.62 3.24],2.200516243279102,1521.058,0.9999999981579959
